Rk,Unnamed: 1,Tm,Cap Hit
1.0,Drew Brees,NOR,"$26,400,000"
2.0,Philip Rivers,SDG,"$21,166,668"
3.0,Calvin Johnson,DET,"$20,558,000"
4.0,Charles Johnson,CAR,"$20,020,000"
5.0,Matt Ryan,ATL,"$19,500,000"
6.0,Mario Williams,BUF,"$19,400,000"
7.0,Aaron Rodgers,GNB,"$18,250,000"
8.0,Matthew Stafford,DET,"$17,721,250"
9.0,Peyton Manning,DEN,"$17,500,000"
10.0,Ben Roethlisberger,PIT,"$17,245,000"
11.0,Robert Quinn,STL,"$16,744,111"
12.0,Jay Cutler,CHI,"$16,500,000"
13.0,Darrelle Revis,NYJ,"$16,000,000"
14.0,Alex Smith,KAN,"$15,600,000"
15.0,Adrian Peterson,MIN,"$15,400,000"
16.0,Colin Kaepernick,SFO,"$15,265,753"
17.0,Tony Romo,DAL,"$14,973,000"
18.0,Patrick Peterson,ARI,"$14,791,491"
19.0,Calais Campbell,ARI,"$14,750,000"
,A.J. Green,CIN,"$14,750,000"
21.0,Gerald McCoy,TAM,"$14,595,000"
22.0,Joe Flacco,BAL,"$14,550,000"
23.0,Eli Manning,NYG,"$14,450,000"
24.0,Tom Brady,NWE,"$14,000,000"
25.0,J.J. Watt,HOU,"$13,969,000"
26.0,Demaryius Thomas,DEN,"$13,200,000"
27.0,Rodney Hudson,OAK,"$13,000,000"
,Cam Newton,CAR,"$13,000,000"
29.0,Sam Bradford,PHI,"$12,985,000"
30.0,Brandon Carr,DAL,"$12,717,000"
31.0,Clay Matthews,GNB,"$12,700,000"
32.0,Jared Allen,2TM,"$12,500,000"
,Chris Long,STL,"$12,500,000"
34.0,Julio Jones,ATL,"$12,400,000"
35.0,Vincent Jackson,TAM,"$12,209,777"
36.0,Richard Sherman,SEA,"$12,200,000"
37.0,Julius Peppers,GNB,"$12,000,000"
38.0,Ryan Kalil,CAR,"$11,795,000"
39.0,Johnathan Joseph,HOU,"$11,750,000"
40.0,Joe Haden,CLE,"$11,700,000"
41.0,D'Brickashaw Ferguson,NYJ,"$11,698,666"
42.0,Vontae Davis,IND,"$11,250,000"
43.0,Larry Fitzgerald,ARI,"$10,850,000"
44.0,Branden Albert,MIA,"$10,725,000"
45.0,Trent Williams,WAS,"$10,680,388"
46.0,Rob Gronkowski,NWE,"$10,650,000"
47.0,Cameron Wake,MIA,"$10,450,000"
48.0,Nick Mangold,NYJ,"$10,407,100"
49.0,Julius Thomas,JAX,"$10,300,000"
50.0,Joe Thomas,CLE,"$10,200,000"
51.0,Eric Weddle,SDG,"$10,100,000"
52.0,Mike Wallace,MIN,"$9,900,000"
53.0,Von Miller,DEN,"$9,754,000"
54.0,Pierre Garcon,WAS,"$9,700,000"
55.0,Leon Hall,CIN,"$9,600,000"
,Andy Dalton,CIN,"$9,600,000"
57.0,Duane Brown,HOU,"$9,500,000"
58.0,Lawrence Timmons,PIT,"$9,251,250"
59.0,DeSean Jackson,WAS,"$9,250,000"
,Lardarius Webb,BAL,"$9,250,000"
61.0,Matt Forte,CHI,"$9,200,000"
62.0,Sam Shields,GNB,"$9,062,500"
63.0,Jason Peters,PHI,"$9,050,000"
64.0,Jared Odrick,JAX,"$9,000,000"
,Brandon Marshall,NYJ,"$9,000,000"
,Geno Atkins,CIN,"$9,000,000"
67.0,Arian Foster,HOU,"$8,706,250"
68.0,Byron Maxwell,PHI,"$8,700,000"
,Lorenzo Alexander,OAK,"$8,700,000"
70.0,DeMarcus Ware,DEN,"$8,666,666"
71.0,Jason McCourty,TEN,"$8,600,000"
72.0,Jason Witten,DAL,"$8,512,000"
73.0,Jared Veldheer,ARI,"$8,500,000"
,Haloti Ngata,DET,"$8,500,000"
,Marshawn Lynch,SEA,"$8,500,000"
76.0,Marshal Yanda,BAL,"$8,450,000"
77.0,Antonio Gates,SDG,"$8,374,264"
78.0,Eric Berry,KAN,"$8,357,700"
79.0,Jared Cook,STL,"$8,300,441"
80.0,Jonathan Stewart,CAR,"$8,300,000"
81.0,Rodger Saffold,STL,"$8,250,000"
82.0,Paul Kruger,CLE,"$8,200,000"
,Everson Griffen,MIN,"$8,200,000"
84.0,Michael Griffin,TEN,"$8,100,000"
85.0,Jermon Bushrod,CHI,"$8,050,000"
86.0,Dan Williams,OAK,"$8,000,000"
,Alex Mack,CLE,"$8,000,000"
,Jimmy Graham,SEA,"$8,000,000"
,Cliff Avril,SEA,"$8,000,000"
,Jermey Parnell,JAX,"$8,000,000"
,Michael Bennett,SEA,"$8,000,000"
92.0,Corey Liuget,SDG,"$7,977,000"
93.0,Jamaal Charles,KAN,"$7,970,835"
94.0,Brian Cushing,HOU,"$7,891,250"
95.0,Marcell Dareus,BUF,"$7,823,530"
96.0,Reshad Jones,MIA,"$7,712,942"
97.0,Eugene Monroe,BAL,"$7,700,000"
98.0,NaVorro Bowman,SFO,"$7,654,000"
99.0,Thomas Davis,CAR,"$7,650,000"
100.0,Joe Staley,SFO,"$7,600,000"
101.0,T.J. Ward,DEN,"$7,514,705"
102.0,Andre Johnson,IND,"$7,500,000"
,David Harris,NYJ,"$7,500,000"
104.0,Robert Mathis,IND,"$7,470,586"
105.0,Kareem Jackson,HOU,"$7,453,125"
106.0,Anthony Castonzo,IND,"$7,438,000"
107.0,Earl Thomas,SEA,"$7,400,000"
108.0,Elvis Dumervil,BAL,"$7,375,000"
,Carson Palmer,ARI,"$7,375,000"
110.0,Jason Pierre-Paul,NYG,"$7,350,000"
111.0,Russell Okung,SEA,"$7,280,000"
112.0,Dominique Rodgers-Cromartie,NYG,"$7,250,000"
113.0,Rey Maualuga,CIN,"$7,137,500"
114.0,Antonio Brown,PIT,"$7,120,833"
115.0,Ahmad Brooks,SFO,"$7,055,000"
116.0,Russell Wilson,SEA,"$7,054,868"
117.0,Andrew Luck,IND,"$7,034,363"
118.0,Sebastian Vollmer,NWE,"$7,020,833"
119.0,Logan Mankins,TAM,"$7,000,000"
,Connor Barwin,PHI,"$7,000,000"
,Desmond Bryant,CLE,"$7,000,000"
,Mike Pouncey,MIA,"$7,000,000"
,Sean Smith,KAN,"$7,000,000"
,Josh Sitton,GNB,"$7,000,000"
,Dez Bryant,DAL,"$7,000,000"
,Jahri Evans,NOR,"$7,000,000"
,Antonio Cromartie,NYJ,"$7,000,000"
128.0,Lamarr Houston,CHI,"$6,990,000"
129.0,Cortez Allen,PIT,"$6,981,000"
130.0,Muhammad Wilkerson,NYJ,"$6,969,000"
131.0,Aqib Talib,DEN,"$6,968,750"
132.0,Vernon Davis,2TM,"$6,967,920"
133.0,Trent Cole,IND,"$6,953,125"
134.0,Kyle Williams,BUF,"$6,950,000"
135.0,Anquan Boldin,SFO,"$6,909,000"
136.0,Prince Amukamara,NYG,"$6,898,000"
137.0,Paul Posluszny,JAX,"$6,885,416"
138.0,Donte Whitner,CLE,"$6,750,000"
139.0,Jurrell Casey,TEN,"$6,720,000"
140.0,Mike Iupati,ARI,"$6,700,000"
141.0,Pernell McPhee,CHI,"$6,675,000"
142.0,Eric Wood,BUF,"$6,650,000"
143.0,Davon House,JAX,"$6,500,000"
,Tramon Williams,CLE,"$6,500,000"
,Marques Colston,NOR,"$6,500,000"
,Eric Decker,NYJ,"$6,500,000"
,Curtis Lofton,OAK,"$6,500,000"
148.0,Kyle Rudolph,MIN,"$6,440,625"
149.0,Cameron Heyward,PIT,"$6,400,000"
,Austin Howard,OAK,"$6,400,000"
151.0,Andre Smith,CIN,"$6,362,500"
152.0,Greg Olsen,CAR,"$6,300,000"
153.0,Matt Kalil,MIN,"$6,290,644"
154.0,Louis Vasquez,DEN,"$6,250,000"
155.0,Ryan Kerrigan,WAS,"$6,238,000"
156.0,Andrew Whitworth,CIN,"$6,200,000"
157.0,Jerry Hughes,BUF,"$6,175,000"
158.0,Martellus Bennett,CHI,"$6,125,000"
159.0,Lavonte David,TAM,"$6,104,642"
160.0,Jerod Mayo,NWE,"$6,100,000"
,Ndamukong Suh,MIA,"$6,100,000"
162.0,Eric Fisher,KAN,"$6,051,954"
163.0,Brandon Graham,PHI,"$6,000,000"
,Devin McCourty,NWE,"$6,000,000"
165.0,Emmanuel Sanders,DEN,"$5,850,000"
166.0,Greg Toler,IND,"$5,833,334"
167.0,T.J. Lang,GNB,"$5,800,000"
,Stephen Tulloch,DET,"$5,800,000"
169.0,Luke Joeckel,JAX,"$5,782,254"
170.0,D'Qwell Jackson,IND,"$5,750,000"
171.0,Brandon Mebane,SEA,"$5,700,000"
172.0,Malcolm Jenkins,PHI,"$5,666,666"
173.0,Brian Robison,MIN,"$5,650,000"
,Kam Chancellor,SEA,"$5,650,000"
175.0,Nate Solder,NWE,"$5,604,666"
176.0,Lance Kendricks,STL,"$5,600,000"
177.0,Chad Greenway,MIN,"$5,575,000"
178.0,Jairus Byrd,NOR,"$5,500,000"
,LeSean McCoy,BUF,"$5,500,000"
,Eddie Royal,CHI,"$5,500,000"
,Karlos Dansby,CLE,"$5,500,000"
182.0,Donald Butler,SDG,"$5,480,000"
183.0,Sean Lee,DAL,"$5,450,000"
184.0,Sen'Derrick Marks,JAX,"$5,425,000"
185.0,Donald Penn,OAK,"$5,400,000"
186.0,Randall Cobb,GNB,"$5,350,000"
,Jerraud Powers,ARI,"$5,350,000"
188.0,Delanie Walker,TEN,"$5,275,000"
189.0,Derrick Johnson,KAN,"$5,250,000"
190.0,Lane Johnson,PHI,"$5,225,974"
191.0,Brian Hoyer,HOU,"$5,218,750"
192.0,Jason Hatcher,WAS,"$5,203,125"
193.0,Morris Claiborne,DAL,"$5,175,069"
194.0,Vontaze Burfict,CIN,"$5,175,000"
195.0,Morgan Burnett,GNB,"$5,131,250"
196.0,Breno Giacomini,NYJ,"$5,125,000"
197.0,Justin Houston,KAN,"$5,100,000"
,Clint Boling,CIN,"$5,100,000"
199.0,Ezekiel Ansah,DET,"$5,071,232"
200.0,Jadeveon Clowney,HOU,"$5,062,045"
201.0,Tyron Smith,DAL,"$5,039,000"
202.0,Andrew Hawkins,CLE,"$5,000,000"
,Antrel Rolle,CHI,"$5,000,000"
,DeMarco Murray,PHI,"$5,000,000"
,Zane Beadles,JAX,"$5,000,000"
,Charles Clay,BUF,"$5,000,000"
,Chris Clemons,JAX,"$5,000,000"
208.0,Justin Tuck,OAK,"$4,968,750"
209.0,Tamba Hali,KAN,"$4,964,706"
210.0,Carlos Dunlap,CIN,"$4,900,000"
,Leodis McKelvin,BUF,"$4,900,000"
212.0,Ryan Tannehill,MIA,"$4,873,364"
213.0,Greg Robinson,STL,"$4,837,295"
214.0,DeAngelo Hall,WAS,"$4,812,500"
215.0,Riley Cooper,PHI,"$4,800,000"
,Chase Daniel,KAN,"$4,800,000"
,Brent Celek,PHI,"$4,800,000"
218.0,Reggie Nelson,CIN,"$4,775,000"
219.0,K.J. Wright,SEA,"$4,750,000"
,Nick Fairley,STL,"$4,750,000"
,Rob Ninkovich,NWE,"$4,750,000"
,Antoine Bethea,SFO,"$4,750,000"
223.0,Malcom Floyd,SDG,"$4,716,668"
224.0,Blake Bortles,JAX,"$4,694,275"
225.0,Sammie Lee Hill,TEN,"$4,666,668"
226.0,Cary Williams,2TM,"$4,666,666"
227.0,Julian Edelman,NWE,"$4,656,250"
228.0,Doug Baldwin,SEA,"$4,650,000"
229.0,Jameis Winston,TAM,"$4,609,323"
230.0,Linval Joseph,MIN,"$4,600,000"
,Dan Skuta,JAX,"$4,600,000"
,Orlando Franklin,SDG,"$4,600,000"
233.0,Jordan Cameron,MIA,"$4,562,500"
234.0,Sammy Watkins,BUF,"$4,530,819"
235.0,Dwayne Bowe,CLE,"$4,500,000"
,Earl Mitchell,MIA,"$4,500,000"
,Frank Gore,IND,"$4,500,000"
,Keenan Lewis,NOR,"$4,500,000"
,Derek Newton,HOU,"$4,500,000"
240.0,William Hayes,STL,"$4,480,000"
241.0,Brian Orakpo,TEN,"$4,468,750"
242.0,Barkevious Mingo,CLE,"$4,458,273"
243.0,Corey Graham,BUF,"$4,450,000"
244.0,Koa Misi,MIA,"$4,438,000"
245.0,Marcus Mariota,TEN,"$4,402,541"
246.0,Jason Kelce,PHI,"$4,400,000"
,DeAndre Levy,DET,"$4,400,000"
248.0,Mike Scifres,SDG,"$4,347,500"
249.0,Captain Munnerlyn,MIN,"$4,333,333"
250.0,Kory Lichtensteiger,WAS,"$4,300,000"
,Kenny Britt,STL,"$4,300,000"
252.0,James Laurinaitis,STL,"$4,275,000"
253.0,Brandon Flowers,SDG,"$4,250,000"
,Mike Neal,GNB,"$4,250,000"
,Bruce Carter,TAM,"$4,250,000"
,Erik Walden,IND,"$4,250,000"
,Stephen Paea,WAS,"$4,250,000"
,Kendall Langford,IND,"$4,250,000"
,Alterraun Verner,TAM,"$4,250,000"
260.0,Khalil Mack,OAK,"$4,244,773"
261.0,Charles Woodson,OAK,"$4,200,000"
262.0,Cameron Jordan,NOR,"$4,169,000"
263.0,Steve Smith,BAL,"$4,166,666"
264.0,Jon Beason,NYG,"$4,154,166"
265.0,Heath Miller,PIT,"$4,151,666"
266.0,Phil Dawson,SFO,"$4,134,000"
267.0,King Dunlap,SDG,"$4,125,000"
268.0,Amari Cooper,OAK,"$4,120,566"
269.0,Darren Sproles,PHI,"$4,100,000"
270.0,Donald Brown,SDG,"$4,083,333"
271.0,Chris Culliver,WAS,"$4,073,529"
272.0,Perry Riley,WAS,"$4,049,804"
273.0,Nick Foles,STL,"$4,042,000"
274.0,David Hawthorne,NOR,"$4,010,000"
275.0,Luke Kuechly,CAR,"$4,002,283"
276.0,Terrance Knighton,WAS,"$4,000,000"
,Derrick Morgan,TEN,"$4,000,000"
,Shawn Lauvao,WAS,"$4,000,000"
,Percy Harvin,BUF,"$4,000,000"
,Jabaal Sheard,NWE,"$4,000,000"
,Malcolm Smith,OAK,"$4,000,000"
,Dashon Goldson,WAS,"$4,000,000"
283.0,Jason Jones,DET,"$3,983,333"
284.0,Evander Hood,CHI,"$3,975,000"
285.0,Jonathan Cooper,ARI,"$3,967,910"
286.0,Terrell Suggs,BAL,"$3,950,000"
287.0,Garrett Graham,HOU,"$3,921,875"
288.0,Josh McCown,CLE,"$3,916,666"
289.0,Aaron Williams,BUF,"$3,900,000"
290.0,Daryl Smith,BAL,"$3,875,000"
291.0,Drew Stanton,ARI,"$3,866,668"
292.0,Brandon Scherff,WAS,"$3,857,388"
293.0,Roy Miller,JAX,"$3,850,000"
,Sean Weatherspoon,ARI,"$3,850,000"
,Marcedes Lewis,JAX,"$3,850,000"
296.0,Stephon Gilmore,BUF,"$3,844,959"
297.0,Dustin Colquitt,KAN,"$3,800,000"
,Brandon Pettigrew,DET,"$3,800,000"
299.0,Andre Roberts,WAS,"$3,750,000"
,Evan Dietrich-Smith,TAM,"$3,750,000"
,Mark Sanchez,PHI,"$3,750,000"
,Henry Melton,TAM,"$3,750,000"
303.0,Alex Boone,SFO,"$3,723,000"
304.0,Jeremy Zuttah,BAL,"$3,700,000"
,Domata Peko,CIN,"$3,700,000"
306.0,Da'Norris Searcy,TEN,"$3,625,000"
307.0,Ropati Pitoitua,TEN,"$3,612,500"
308.0,Sebastian Janikowski,OAK,"$3,610,000"
309.0,Dontari Poe,KAN,"$3,601,822"
310.0,Jimmy Smith,BAL,"$3,600,000"
,Robbie Gould,CHI,"$3,600,000"
,Stephen Gostkowski,NWE,"$3,600,000"
,Torrey Smith,SFO,"$3,600,000"
314.0,Marcel Reece,OAK,"$3,580,838"
315.0,Glover Quin,DET,"$3,572,500"
316.0,Bryan Bulaga,GNB,"$3,568,750"
317.0,Mason Crosby,GNB,"$3,550,000"
318.0,Wesley Woodyard,TEN,"$3,500,000"
,Brandon LaFell,NWE,"$3,500,000"
,Joique Bell,DET,"$3,500,000"
,William Moore,ATL,"$3,500,000"
,Vince Wilfork,HOU,"$3,500,000"
323.0,Brandon Fusco,MIN,"$3,485,000"
324.0,Tavon Austin,STL,"$3,477,546"
325.0,Dee Milliner,NYJ,"$3,453,010"
326.0,Mike Tolbert,CAR,"$3,425,000"
327.0,Jeremy Maclin,KAN,"$3,400,000"
,Thomas Morstead,NOR,"$3,400,000"
329.0,Leonard Williams,NYJ,"$3,387,430"
330.0,Dexter McCluster,TEN,"$3,350,000"
,Lee Smith,OAK,"$3,350,000"
,Erik Pears,SFO,"$3,350,000"
333.0,Perrish Cox,TEN,"$3,333,333"
334.0,Mike Evans,TAM,"$3,325,341"
335.0,Steven Hauschka,SEA,"$3,325,000"
336.0,Chance Warmack,TEN,"$3,318,177"
337.0,Matt Slauson,CHI,"$3,267,500"
338.0,Fletcher Cox,PHI,"$3,258,036"
339.0,Marcus Gilbert,PIT,"$3,256,000"
340.0,Shaun Hill,MIN,"$3,250,000"
,Ryan Fitzpatrick,NYJ,"$3,250,000"
,Barry Church,DAL,"$3,250,000"
,Clinton McDonald,TAM,"$3,250,000"
,Walter Thurmond,PHI,"$3,250,000"
345.0,Allen Bailey,KAN,"$3,231,250"
346.0,Zach Strief,NOR,"$3,200,000"
,Michael Crabtree,OAK,"$3,200,000"
,Shareece Wright,BAL,"$3,200,000"
,Pat McAfee,IND,"$3,200,000"
350.0,Ryan Mallett,2TM,"$3,187,500"
351.0,Michael Floyd,ARI,"$3,172,750"
352.0,Willie Young,CHI,"$3,166,666"
353.0,T.Y. Hilton,IND,"$3,131,850"
354.0,Marcus Gilchrist,NYJ,"$3,125,000"
355.0,Danny Amendola,NWE,"$3,116,666"
356.0,D.J. Fluker,SDG,"$3,109,771"
357.0,Jermaine Gresham,ARI,"$3,109,375"
358.0,Manny Lawson,BUF,"$3,100,000"
,Graham Gano,CAR,"$3,100,000"
,Mike Adams,IND,"$3,100,000"
,Vincent Rey,CIN,"$3,100,000"
362.0,Golden Tate,DET,"$3,096,250"
363.0,Joe Reitz,IND,"$3,062,500"
364.0,Greg Hardy,DAL,"$3,041,379"
365.0,Michael Brockers,STL,"$3,029,727"
366.0,Mychal Kendricks,PHI,"$3,014,141"
367.0,Rahim Moore,HOU,"$3,000,000"
,Matt Hasselbeck,IND,"$3,000,000"
,Chris Harris,DEN,"$3,000,000"
,Max Unger,NOR,"$3,000,000"
,Paul Soliai,ATL,"$3,000,000"
,Aldon Smith,OAK,"$3,000,000"
,Toby Gerhart,JAX,"$3,000,000"
,Doug Free,DAL,"$3,000,000"
,Alan Ball,CHI,"$3,000,000"
,Tyson Alualu,JAX,"$3,000,000"
,Manuel Ramirez,DET,"$3,000,000"
,DeMeco Ryans,PHI,"$3,000,000"
379.0,Chris Baker,WAS,"$2,984,375"
380.0,Whitney Mercilus,HOU,"$2,979,030"
381.0,Bobby Wagner,SEA,"$2,970,663"
382.0,Randy Starks,CLE,"$2,968,750"
383.0,Evan Mathis,DEN,"$2,921,875"
,Akeem Ayers,STL,"$2,921,875"
385.0,Justin Gilbert,CLE,"$2,916,705"
386.0,Nolan Carroll,PHI,"$2,900,000"
387.0,Anthony Barr,MIN,"$2,896,250"
388.0,Bruce Irvin,SEA,"$2,895,542"
389.0,Devin Hester,ATL,"$2,875,000"
390.0,Geoff Schwartz,NYG,"$2,845,833"
391.0,John Greco,CLE,"$2,825,000"
392.0,Mackenzy Bernadeau,DAL,"$2,824,166"
393.0,D.J. Hayden,OAK,"$2,815,554"
394.0,Rashad Jennings,NYG,"$2,812,500"
395.0,Steve McLendon,PIT,"$2,808,334"
396.0,Quinton Coples,2TM,"$2,800,889"
397.0,Tramaine Brock,SFO,"$2,790,000"
398.0,Eric Ebron,DET,"$2,783,898"
399.0,Kevin Huber,CIN,"$2,770,000"
400.0,Buster Skrine,NYJ,"$2,750,000"
,Chris Ivory,NYJ,"$2,750,000"
,Adam Vinatieri,IND,"$2,750,000"
,George Johnson,TAM,"$2,750,000"
,Owen Daniels,DEN,"$2,750,000"
405.0,Dre Kirkpatrick,CIN,"$2,743,680"
406.0,Melvin Ingram,SDG,"$2,672,166"
407.0,Rolando McClain,DAL,"$2,636,029"
408.0,Shea McClellin,CHI,"$2,629,263"
409.0,Mike DeVito,KAN,"$2,620,000"
410.0,Star Lotulelei,CAR,"$2,619,409"
411.0,Ereck Flowers,NYG,"$2,616,676"
412.0,Marcus Cannon,NWE,"$2,616,666"
413.0,Kendall Wright,TEN,"$2,614,962"
414.0,Taylor Lewan,TEN,"$2,610,228"
415.0,Chandler Jones,NWE,"$2,600,659"
416.0,Michael Johnson,CIN,"$2,600,000"
,Al Woods,TEN,"$2,600,000"
,Ahtyba Rubin,SEA,"$2,600,000"
,Jeremy Kerley,NYJ,"$2,600,000"
,Matt Moore,MIA,"$2,600,000"
421.0,Kenny Vaccaro,NOR,"$2,570,376"
422.0,Adam Jones,CIN,"$2,550,000"
,Sean Richardson,GNB,"$2,550,000"
424.0,Riley Reiff,DET,"$2,543,450"
425.0,Shane Vereen,NYG,"$2,516,666"
426.0,Todd Gurley,STL,"$2,513,306"
427.0,Michael Mitchell,PIT,"$2,508,750"
428.0,Gosder Cherilus,TAM,"$2,500,000"
,Greg Jennings,MIA,"$2,500,000"
,Stefen Wisniewski,JAX,"$2,500,000"
,Charlie Whitehurst,2TM,"$2,500,000"
,Cam Thomas,PIT,"$2,500,000"
,Sergio Brown,JAX,"$2,500,000"
,Darius Butler,IND,"$2,500,000"
,Danny Woodhead,SDG,"$2,500,000"
,Dan Bailey,DAL,"$2,500,000"
,Josh Scobee,PIT,"$2,500,000"
,Demar Dotson,TAM,"$2,500,000"
439.0,David DeCastro,PIT,"$2,486,240"
440.0,Letroy Guion,GNB,"$2,485,294"
441.0,Dont'a Hightower,NWE,"$2,457,637"
442.0,Terence Newman,MIN,"$2,453,125"
,Cecil Shorts,HOU,"$2,453,125"
444.0,Robert Ayers,NYG,"$2,437,500"
445.0,Ted Larsen,ARI,"$2,435,000"
446.0,Sheldon Richardson,NYJ,"$2,431,647"
447.0,EJ Manuel,BUF,"$2,423,264"
448.0,Michael Oher,CAR,"$2,421,875"
449.0,Will Hill,BAL,"$2,416,045"
450.0,Reggie Bush,SFO,"$2,406,250"
451.0,Kevin Zeitler,CIN,"$2,400,427"
452.0,Sam Koch,BAL,"$2,400,000"
,Ryan Wendell,NWE,"$2,400,000"
,Ben Grubbs,KAN,"$2,400,000"
,Brandon Browner,NOR,"$2,400,000"
456.0,Eugene Sims,STL,"$2,391,686"
457.0,Nick Perry,GNB,"$2,386,125"
458.0,James Carpenter,NYJ,"$2,375,000"
459.0,Jarvis Jones,PIT,"$2,374,228"
460.0,Johnny Hekker,STL,"$2,373,773"
461.0,Odell Beckham,NYG,"$2,365,045"
462.0,Mark Barron,STL,"$2,362,704"
463.0,Dan Carpenter,BUF,"$2,362,500"
464.0,Derrick Shelby,MIA,"$2,356,000"
,Rodney McLeod,STL,"$2,356,000"
,Cedric Thornton,PHI,"$2,356,000"
,Rod Streater,OAK,"$2,356,000"
,Damon Harrison,NYJ,"$2,356,000"
,T.J. McDonald,STL,"$2,356,000"
,Jerrell Freeman,IND,"$2,356,000"
,Emmanuel Lamur,CIN,"$2,356,000"
,Justin Tucker,BAL,"$2,356,000"
,Tashaun Gipson,CLE,"$2,356,000"
,Craig Robertson,CLE,"$2,356,000"
,Jermaine Kearse,SEA,"$2,356,000"
476.0,Trae Waynes,MIN,"$2,353,520"
477.0,Britton Colquitt,DEN,"$2,350,000"
478.0,Glenn Dorsey,SFO,"$2,341,666"
479.0,Eric Reid,SFO,"$2,312,931"
480.0,Aaron Donald,STL,"$2,303,750"
481.0,Tom Johnson,MIN,"$2,300,000"
482.0,Harry Douglas,TEN,"$2,283,333"
483.0,Justin Pugh,NYG,"$2,276,154"
484.0,Harrison Smith,MIN,"$2,271,355"
485.0,Craig Stevens,TEN,"$2,270,000"
486.0,Kyle Long,CHI,"$2,263,896"
487.0,Tyler Eifert,CIN,"$2,251,637"
488.0,Jonathan Babineaux,ATL,"$2,250,000"
,Scott Chandler,NWE,"$2,250,000"
,Jimmy Wilson,SDG,"$2,250,000"
,Brian Hartline,CLE,"$2,250,000"
,Tyson Jackson,ATL,"$2,250,000"
,Jeremy Mincey,DAL,"$2,250,000"
,Calvin Pace,NYJ,"$2,250,000"
495.0,Blair Walsh,MIN,"$2,239,483"
496.0,Rashad Johnson,ARI,"$2,233,334"
497.0,Miles Austin,PHI,"$2,225,000"
498.0,Sharrif Floyd,MIN,"$2,202,600"
499.0,Kyle Fuller,CHI,"$2,201,591"
500.0,Roddy White,ATL,"$2,200,000"
,Brooks Reed,ATL,"$2,200,000"
,Virgil Green,DEN,"$2,200,000"
,Kraig Urbik,BUF,"$2,200,000"
504.0,Frostee Rucker,ARI,"$2,181,875"
505.0,Ryan Shazier,PIT,"$2,160,730"
506.0,Doug Martin,TAM,"$2,159,668"
507.0,Bjoern Werner,IND,"$2,153,562"
508.0,Alan Branch,NWE,"$2,150,000"
,Ramon Foster,PIT,"$2,150,000"
510.0,Bradley Fletcher,NWE,"$2,131,250"
511.0,Xavier Rhodes,MIN,"$2,129,046"
512.0,Danny Shelton,CLE,"$2,127,939"
513.0,Steve Johnson,SDG,"$2,100,000"
,Roy Helu,OAK,"$2,100,000"
515.0,Joe Barksdale,SDG,"$2,095,000"
516.0,Cullen Jenkins,NYG,"$2,091,668"
517.0,Shane Lechler,HOU,"$2,083,334"
518.0,Donnie Jones,PHI,"$2,083,333"
519.0,DeAndre Hopkins,HOU,"$2,080,010"
520.0,Andrus Peat,NOR,"$2,071,544"
521.0,Sylvester Williams,DEN,"$2,067,750"
522.0,Wallace Gilberry,CIN,"$2,050,000"
,Andy Lee,CLE,"$2,050,000"
524.0,Datone Jones,GNB,"$2,039,436"
525.0,Zack Martin,DAL,"$2,038,136"
526.0,Anthony Fasano,TEN,"$2,031,250"
527.0,Tarell Brown,NWE,"$2,000,000"
,Ron Parker,KAN,"$2,000,000"
,Cory Redding,ARI,"$2,000,000"
,Matt Cassel,2TM,"$2,000,000"
,Bilal Powell,NYJ,"$2,000,000"
,Cole Beasley,DAL,"$2,000,000"
,Brett Kern,TEN,"$2,000,000"
,Lyle Sendlein,ARI,"$2,000,000"
,C.J. Spiller,NOR,"$2,000,000"
,Kelvin Sheppard,MIA,"$2,000,000"
,Ricky Jean-Francois,WAS,"$2,000,000"
,J.T. Thomas,NYG,"$2,000,000"
,Patrick Robinson,SDG,"$2,000,000"
,Mark Ingram,NOR,"$2,000,000"
,Antonio Smith,DEN,"$2,000,000"
,Patrick Chung,NWE,"$2,000,000"
,Brice McCain,MIA,"$2,000,000"
,Ryan Mathews,PHI,"$2,000,000"
,Matt Schaub,BAL,"$2,000,000"
,James Ihedigbo,DET,"$2,000,000"
547.0,C.J. Mosley,BAL,"$1,997,273"
548.0,DeVante Parker,MIA,"$1,977,553"
549.0,Cordarrelle Patterson,MIN,"$1,969,377"
550.0,Rafael Bush,NOR,"$1,950,000"
,Mike Nugent,CIN,"$1,950,000"
,Jerricho Cotchery,CAR,"$1,950,000"
553.0,Calvin Pryor,NYJ,"$1,946,194"
554.0,Melvin Gordon,SDG,"$1,939,958"
555.0,Alec Ogletree,STL,"$1,917,282"
556.0,Ryan Succop,TEN,"$1,916,666"
557.0,Ja'Wuan James,MIA,"$1,915,545"
558.0,Brandin Cooks,NOR,"$1,905,330"
559.0,Ben Watson,NOR,"$1,900,000"
,Jeff Cumberland,NYJ,"$1,900,000"
,Jim Dray,CLE,"$1,900,000"
,Dannell Ellerbe,NOR,"$1,900,000"
563.0,Ha Ha Clinton-Dix,GNB,"$1,895,114"
564.0,Todd Herremans,IND,"$1,875,000"
,Daniel Kilgore,SFO,"$1,875,000"
566.0,Johnny Manziel,CLE,"$1,874,681"
567.0,Travis Frederick,DAL,"$1,873,644"
568.0,Jay Ratliff,CHI,"$1,859,375"
569.0,Dee Ford,KAN,"$1,854,250"
570.0,A.J. Hawk,CIN,"$1,850,000"
,Ted Ginn,CAR,"$1,850,000"
572.0,James Starks,GNB,"$1,837,500"
573.0,Kevin Johnson,HOU,"$1,827,166"
574.0,Kellen Clemens,SDG,"$1,822,500"
575.0,Darqueze Dennard,CIN,"$1,813,386"
576.0,Dwayne Harris,NYG,"$1,800,000"
,Roman Harper,CAR,"$1,800,000"
578.0,Jason Verrett,SDG,"$1,792,955"
579.0,Arik Armstead,SFO,"$1,789,567"
580.0,Marcus Smith,PHI,"$1,772,520"
581.0,Matt Slater,NWE,"$1,766,666"
582.0,Derek Anderson,CAR,"$1,764,000"
583.0,Rob Housler,2TM,"$1,760,000"
584.0,Deone Bucannon,ARI,"$1,752,091"
585.0,Jerome Felton,BUF,"$1,750,000"
,Josh Mauga,KAN,"$1,750,000"
,Dwan Edwards,CAR,"$1,750,000"
,B.J. Raji,GNB,"$1,750,000"
,Darian Stewart,DEN,"$1,750,000"
,Blaine Gabbert,SFO,"$1,750,000"
,Tyrunn Walker,DET,"$1,750,000"
,Khalif Barnes,OAK,"$1,750,000"
,Andrew Quarless,GNB,"$1,750,000"
,Vance Walker,DEN,"$1,750,000"
595.0,Bruce Miller,SFO,"$1,746,500"
596.0,Marcus Peters,KAN,"$1,742,574"
597.0,Chris Canty,BAL,"$1,735,000"
598.0,Dwayne Allen,IND,"$1,717,826"
599.0,Josh Robinson,MIN,"$1,716,250"
600.0,Cameron Erving,CLE,"$1,714,375"
601.0,Brian Quick,STL,"$1,713,918"
602.0,Trumaine Johnson,STL,"$1,709,794"
603.0,Akeem Dent,HOU,"$1,709,375"
604.0,Nelson Agholor,PHI,"$1,704,977"
605.0,Olivier Vernon,MIA,"$1,701,520"
606.0,Jacoby Jones,2TM,"$1,700,000"
607.0,Coby Fleener,IND,"$1,699,615"
608.0,Brandon Brooks,HOU,"$1,696,359"
609.0,Cedric Ogbuehi,CIN,"$1,695,000"
610.0,Demario Davis,NYJ,"$1,686,490"
611.0,Courtney Upshaw,BAL,"$1,685,313"
612.0,Mohamed Sanu,CIN,"$1,682,813"
613.0,Akiem Hicks,2TM,"$1,677,725"
614.0,Bud Dupree,PIT,"$1,676,778"
615.0,William Gay,PIT,"$1,666,668"
616.0,Jonathan Casillas,NYG,"$1,666,666"
617.0,Chris Givens,2TM,"$1,666,257"
618.0,Lamar Miller,MIA,"$1,663,500"
619.0,Ben Jones,HOU,"$1,662,362"
620.0,Dominique Easley,NWE,"$1,659,898"
621.0,Shane Ray,DEN,"$1,657,980"
622.0,Nigel Bradham,BUF,"$1,656,356"
623.0,Coty Sensabaugh,TEN,"$1,650,023"
624.0,David Bruton,DEN,"$1,650,000"
625.0,Jarius Wright,MIN,"$1,647,027"
626.0,Mitchell Schwartz,CLE,"$1,645,267"
627.0,Jared Crick,HOU,"$1,639,875"
628.0,Rashean Mathis,DET,"$1,625,000"
629.0,Andre Branch,JAX,"$1,619,525"
630.0,Mike Daniels,GNB,"$1,617,146"
,Rhett Ellison,MIN,"$1,617,146"
632.0,Jimmie Ward,SFO,"$1,616,485"
633.0,Shaq Thompson,CAR,"$1,601,586"
634.0,Andrew Gachkar,DAL,"$1,600,000"
,Justin Forsett,BAL,"$1,600,000"
636.0,Malik Jackson,DEN,"$1,595,403"
637.0,Robert Blanton,MIN,"$1,594,763"
638.0,Josh Norman,CAR,"$1,591,750"
639.0,Janoris Jenkins,STL,"$1,587,829"
640.0,George Iloka,CIN,"$1,582,075"
641.0,Bradley Roby,DEN,"$1,580,120"
642.0,Michael Hoomanawanui,2TM,"$1,580,000"
643.0,Alfred Morris,WAS,"$1,572,775"
644.0,Amini Silatolu,CAR,"$1,570,897"
645.0,Danny Trevathan,DEN,"$1,568,018"
646.0,Byron Jones,DAL,"$1,563,989"
647.0,Teddy Bridgewater,MIN,"$1,556,705"
648.0,J.R. Sweezy,SEA,"$1,556,212"
649.0,Laken Tomlinson,DET,"$1,554,589"
650.0,Kelvin Beachum,PIT,"$1,553,474"
651.0,Andre Caldwell,DEN,"$1,550,000"
,Trumaine McBride,NYG,"$1,550,000"
,Chris Chester,ATL,"$1,550,000"
654.0,Cordy Glenn,BUF,"$1,548,012"
655.0,Andre Holmes,OAK,"$1,542,000"
,Jaiquawn Jarrett,NYJ,"$1,542,000"
,Brandon Boykin,PIT,"$1,542,000"
,Robert Golden,PIT,"$1,542,000"
,Johnson Bademosi,CLE,"$1,542,000"
,Billy Winn,IND,"$1,542,000"
,Antwon Blake,PIT,"$1,542,000"
,Mike Harris,MIN,"$1,542,000"
,Kai Forbath,2TM,"$1,542,000"
,Cory Harkey,STL,"$1,542,000"
,Lance Dunbar,DAL,"$1,542,000"
,Corey White,2TM,"$1,542,000"
,Will Johnson,PIT,"$1,542,000"
,Bobby Rainey,TAM,"$1,542,000"
,Larry Asante,OAK,"$1,542,000"
,Don Barclay,GNB,"$1,542,000"
,Marquette King,OAK,"$1,542,000"
,Gino Gradkowski,ATL,"$1,542,000"
673.0,Darrel Young,WAS,"$1,533,334"
674.0,Charles Tillman,CAR,"$1,531,250"
675.0,Sterling Moore,TAM,"$1,525,000"
676.0,Ed Dickson,CAR,"$1,516,666"
677.0,Colin Cole,CAR,"$1,505,000"
678.0,Tony McDaniel,TAM,"$1,500,000"
,Karl Klug,TEN,"$1,500,000"
,Luke Stocker,TAM,"$1,500,000"
,Chris Conte,TAM,"$1,500,000"
,Anthony Sherman,KAN,"$1,500,000"
,Isa Abdul-Quddus,DET,"$1,500,000"
,Jon Ryan,SEA,"$1,500,000"
,Andy Levitre,ATL,"$1,500,000"
,Tarvaris Jackson,SEA,"$1,500,000"
,Clay Harbor,JAX,"$1,500,000"
688.0,John Hughes,CLE,"$1,496,035"
689.0,Ian Williams,SFO,"$1,495,834"
690.0,Jonathan Cyprien,JAX,"$1,491,574"
691.0,Arthur Moats,PIT,"$1,483,333"
692.0,Justin Hunter,TEN,"$1,479,313"
693.0,Phillip Dorsett,IND,"$1,479,166"
694.0,Jeff Allen,KAN,"$1,477,580"
695.0,Byron Bell,TEN,"$1,475,000"
696.0,Bobby Massie,ARI,"$1,471,433"
697.0,Zach Ertz,PHI,"$1,467,054"
698.0,Kyle Arrington,BAL,"$1,466,666"
699.0,Nick Folk,NYJ,"$1,463,333"
700.0,Allen Barbre,PHI,"$1,450,000"
701.0,Alshon Jeffery,CHI,"$1,447,036"
702.0,Darius Slay,DET,"$1,442,537"
703.0,Damarious Randall,GNB,"$1,439,224"
704.0,Matt Prater,DET,"$1,437,500"
705.0,DeAngelo Williams,PIT,"$1,435,000"
706.0,Darrell Stuckey,SDG,"$1,433,750"
707.0,Ryan Harris,DEN,"$1,420,000"
708.0,Manti Te'o,SDG,"$1,410,660"
709.0,Stephone Anthony,NOR,"$1,405,766"
710.0,Chris Clark,HOU,"$1,400,000"
,Justin Durant,ATL,"$1,400,000"
,Chris Maragos,PHI,"$1,400,000"
,John Jerry,NYG,"$1,400,000"
714.0,Derek Wolfe,DEN,"$1,397,881"
715.0,Malcom Brown,NWE,"$1,384,223"
716.0,Colt McCoy,WAS,"$1,375,000"
717.0,Geno Smith,NYJ,"$1,368,983"
718.0,Matt Bryant,ATL,"$1,350,000"
,Josh Brown,NYG,"$1,350,000"
,Marcus Easley,BUF,"$1,350,000"
721.0,Tank Carradine,SFO,"$1,349,367"
722.0,Tavon Wilson,NWE,"$1,342,057"
723.0,Kurt Coleman,CAR,"$1,340,625"
724.0,Tim Masthay,GNB,"$1,340,000"
725.0,Robert Woods,BUF,"$1,327,302"
726.0,Kendall Reyes,SDG,"$1,313,453"
727.0,Matt Overton,IND,"$1,300,000"
,Marshall Newhouse,NYG,"$1,300,000"
729.0,Johnthan Banks,TAM,"$1,288,997"
730.0,Tyvon Branch,KAN,"$1,287,500"
731.0,Anthony Dixon,BUF,"$1,266,666"
,Kendrick Lewis,BAL,"$1,266,666"
733.0,Xavier Su'a-Filo,HOU,"$1,261,727"
734.0,Demarcus Lawrence,DAL,"$1,251,511"
735.0,Cody Wallace,PIT,"$1,250,000"
,Nate Irving,IND,"$1,250,000"
,Marcus Sherels,MIN,"$1,250,000"
,Sean Lissemore,SDG,"$1,250,000"
,Major Wright,TAM,"$1,250,000"
,James Casey,DEN,"$1,250,000"
,James Harrison,PIT,"$1,250,000"
742.0,Joel Bitonio,CLE,"$1,241,295"
743.0,Frank Kearse,WAS,"$1,230,000"
744.0,Zach Brown,TEN,"$1,227,640"
745.0,Derek Carr,OAK,"$1,220,864"
746.0,Jeron Johnson,WAS,"$1,209,375"
747.0,Scott Tolzien,GNB,"$1,200,000"
,Zak DeOssie,NYG,"$1,200,000"
,Albert McClellan,BAL,"$1,200,000"
,Mark Herzlich,NYG,"$1,200,000"
,George Selvie,NYG,"$1,200,000"
,Gary Barnidge,CLE,"$1,200,000"
,Leger Douzable,NYJ,"$1,200,000"
754.0,Kevin Minter,ARI,"$1,197,354"
755.0,Kedric Golston,WAS,"$1,195,000"
756.0,Austin Seferian-Jenkins,TAM,"$1,194,301"
757.0,John Denney,MIA,"$1,180,000"
758.0,Marqise Lee,JAX,"$1,175,914"
759.0,Nick Bellore,SFO,"$1,170,000"
760.0,Brandon Myers,TAM,"$1,166,666"
761.0,Kyle Van Noy,DET,"$1,159,568"
762.0,Darren McFadden,DAL,"$1,150,000"
,Brad Jones,PHI,"$1,150,000"
764.0,Gavin Escobar,DAL,"$1,148,317"
765.0,Desmond Trufant,ATL,"$1,147,372"
766.0,Husain Abdullah,KAN,"$1,145,000"
767.0,Lamarcus Joyner,STL,"$1,143,223"
768.0,Jon Condo,OAK,"$1,127,500"
769.0,Jimmy Clausen,2TM,"$1,125,000"
770.0,Jordan Matthews,PHI,"$1,124,834"
771.0,Bryan Braman,PHI,"$1,120,000"
,L.P. Ladouceur,DAL,"$1,120,000"
,Joe Berger,MIN,"$1,120,000"
774.0,Brock Osweiler,DEN,"$1,118,944"
775.0,Landon Collins,NYG,"$1,112,828"
776.0,Nick Sundberg,WAS,"$1,112,500"
777.0,Weston Richburg,NYG,"$1,108,489"
778.0,Matthew Bosher,ATL,"$1,105,000"
779.0,Donovan Smith,TAM,"$1,103,429"
780.0,Terrell McClain,DAL,"$1,100,000"
,Richie Incognito,BUF,"$1,100,000"
,Kroy Biermann,ATL,"$1,100,000"
783.0,Johnathan Hankins,NYG,"$1,099,278"
784.0,Mario Edwards,OAK,"$1,094,029"
785.0,Cyrus Kouandjio,BUF,"$1,092,914"
786.0,Ryan Allen,NWE,"$1,085,500"
787.0,Vinny Curry,PHI,"$1,076,038"
788.0,T.J. Yeldon,JAX,"$1,075,231"
789.0,Jonathan Bostic,NWE,"$1,074,763"
790.0,Paul Richardson,SEA,"$1,071,099"
791.0,Jon Dorenbos,PHI,"$1,070,000"
792.0,Devin Smith,NYJ,"$1,067,712"
793.0,Andrew Sendejo,MIN,"$1,066,668"
794.0,Kelechi Osemele,BAL,"$1,064,595"
795.0,Matt Spaeth,PIT,"$1,062,500"
796.0,Casey Hayward,GNB,"$1,053,154"
797.0,Preston Smith,WAS,"$1,050,791"
798.0,David Amerson,2TM,"$1,050,246"
799.0,Lawrence Guy,BAL,"$1,050,000"
800.0,Stephon Tuitt,PIT,"$1,047,601"
801.0,Garrison Sanborn,BUF,"$1,047,500"
802.0,Rueben Randle,NYG,"$1,047,432"
803.0,Brandon Bolden,NWE,"$1,035,000"
804.0,Eddie Goldman,CHI,"$1,033,875"
805.0,Le'Veon Bell,PIT,"$1,032,082"
806.0,Stevan Ridley,NYJ,"$1,031,250"
807.0,Jamie Collins,NWE,"$1,025,727"
808.0,Mario Addison,CAR,"$1,020,000"
809.0,Dorial Green-Beckham,TEN,"$1,018,836"
810.0,Ramon Humber,NOR,"$1,017,000"
811.0,Trent Murphy,WAS,"$1,016,545"
812.0,Devin Funchess,CAR,"$1,003,797"
813.0,Margus Hunt,CIN,"$1,001,209"
814.0,Leonard Johnson,NWE,"$1,000,000"
,Jonathan Freeny,NWE,"$1,000,000"
,Brent Grimes,MIA,"$1,000,000"
,Mike Morgan,SEA,"$1,000,000"
,Adrian Clayborn,ATL,"$1,000,000"
,Jacob Tamme,ATL,"$1,000,000"
,Chris Jones,DAL,"$1,000,000"
,Anthony Levine,BAL,"$1,000,000"
822.0,Garrett Reynolds,STL,"$999,999"
823.0,Timmy Jernigan,BAL,"$996,114"
824.0,J.J. Jansen,CAR,"$995,000"
,Don Carey,DET,"$995,000"
826.0,Jamar Taylor,MIA,"$988,950"
827.0,Louis Murphy,TAM,"$987,500"
828.0,Vance McDonald,SFO,"$981,594"
829.0,Brett Goode,GNB,"$976,250"
830.0,Benardrick McKinney,HOU,"$971,840"
831.0,Marlon Brown,BAL,"$969,335"
,Arthur Brown,BAL,"$969,335"
833.0,Lance Louis,IND,"$966,250"
834.0,Hau'oli Kikaha,NOR,"$957,511"
835.0,Jason Fox,MIA,"$957,500"
836.0,LeGarrette Blount,NWE,"$955,882"
837.0,Jeremiah Attaochu,SDG,"$955,250"
838.0,Eric Winston,CIN,"$950,000"
839.0,Ronnie Hillman,DEN,"$942,708"
840.0,Jon Weeks,HOU,"$938,750"
841.0,Eric Kendricks,MIN,"$937,440"
842.0,Aaron Dobson,NWE,"$935,010"
843.0,Ego Ferguson,CHI,"$934,819"
844.0,Andrew Gardner,PHI,"$931,045"
845.0,Isaiah Pead,STL,"$929,200"
846.0,Eddie Lacy,GNB,"$925,203"
847.0,Ricardo Mathews,SDG,"$920,000"
,Giovani Bernard,CIN,"$920,000"
,Cedric Peerman,CIN,"$920,000"
850.0,Tyrone Crawford,DAL,"$918,813"
851.0,Jaquiski Tartt,SFO,"$915,821"
852.0,Troy Niklas,ARI,"$914,386"
853.0,Clark Harris,CIN,"$900,000"
854.0,Davante Adams,GNB,"$893,955"
855.0,Eric Rowe,PHI,"$887,248"
856.0,Tyrod Taylor,BUF,"$883,333"
857.0,Mike Windt,SDG,"$882,500"
858.0,Tanner Purdum,NYJ,"$877,500"
859.0,Bryan Anger,JAX,"$875,480"
860.0,Mitch Unrein,2TM,"$875,000"
,Justin Drescher,NOR,"$875,000"
862.0,Bishop Sankey,TEN,"$873,522"
863.0,Jason Trusnik,MIN,"$870,000"
,Colin Jones,CAR,"$870,000"
,Alex Smith,WAS,"$870,000"
,Eric Weems,ATL,"$870,000"
,Tyler Polumbus,2TM,"$870,000"
868.0,Denzel Perryman,SDG,"$868,449"
869.0,Marlon Moore,CLE,"$866,666"
870.0,Josh LeRibeus,WAS,"$864,081"
871.0,David Johnson,SDG,"$860,000"
872.0,Tyrann Mathieu,ARI,"$855,937"
873.0,Richie Brockel,CAR,"$855,000"
874.0,Travis Kelce,KAN,"$853,826"
875.0,Jeremy Hill,CIN,"$853,091"
876.0,Jake McQuaide,STL,"$850,000"
877.0,Mitch Morse,KAN,"$849,649"
878.0,Dwayne Gratz,JAX,"$849,394"
879.0,Larry Warford,DET,"$849,250"
,LaAdrian Waddle,2TM,"$849,250"
881.0,Clint Gresham,SEA,"$845,000"
,Aaron Brewer,DEN,"$845,000"
883.0,Donald Stephenson,KAN,"$844,375"
884.0,Cody Latimer,DEN,"$842,875"
885.0,Kavell Conner,SDG,"$840,000"
886.0,Carlos Hyde,SFO,"$836,745"
887.0,Ronald Darby,BUF,"$830,853"
888.0,Beau Brinkley,TEN,"$828,000"
889.0,Jarvis Jenkins,CHI,"$825,000"
,Trevor Robinson,SDG,"$825,000"
,Mike Jenkins,TAM,"$825,000"
892.0,Mike Martin,TEN,"$821,890"
893.0,Frank Zombo,KAN,"$820,000"
894.0,Will Blackmon,WAS,"$818,823"
895.0,Bennie Logan,PHI,"$818,523"
896.0,Sean Spence,PIT,"$816,345"
897.0,Jack Mewhort,IND,"$812,228"
898.0,Nate Orchard,CLE,"$812,055"
899.0,Kyle Nelson,SFO,"$810,000"
900.0,Kony Ealy,CAR,"$806,098"
901.0,Matt Asiata,MIN,"$800,000"
902.0,Allen Robinson,JAX,"$797,925"
903.0,Jayron Hosley,NYG,"$796,250"
904.0,Kiko Alonso,PHI,"$795,946"
905.0,Brandon Thompson,CIN,"$795,300"
906.0,Sam Young,JAX,"$795,000"
907.0,Jordan Phillips,MIA,"$793,256"
908.0,Jimmy Garoppolo,NWE,"$791,795"
909.0,Teddy Williams,CAR,"$790,000"
910.0,Jarvis Landry,MIA,"$789,753"
911.0,Blidi Wreh-Wilson,TEN,"$789,416"
912.0,Tony Bergstrom,OAK,"$786,504"
913.0,Justin Britt,SEA,"$785,666"
914.0,Josh Bynes,DET,"$785,000"
915.0,Terrance Williams,DAL,"$779,868"
916.0,Travis Benjamin,CLE,"$779,250"
917.0,Brian Winters,NYJ,"$778,969"
918.0,Omar Bolden,DEN,"$778,607"
919.0,Kirk Cousins,WAS,"$778,172"
920.0,Jake Fisher,CIN,"$774,458"
921.0,Ladarius Green,SDG,"$772,725"
922.0,Kyle Wilber,DAL,"$769,805"
923.0,Terron Armstead,NOR,"$769,359"
924.0,Keenan Robinson,WAS,"$765,027"
925.0,Marquise Goodwin,BUF,"$764,719"
926.0,Dallas Thomas,MIA,"$761,594"
927.0,Ron Brooks,BUF,"$760,135"
928.0,Bradley Sowell,ARI,"$760,000"
929.0,Ameer Abdullah,DET,"$755,659"
930.0,Keenan Allen,SDG,"$753,450"
931.0,Markus Wheaton,PIT,"$752,844"
932.0,J.J. Wilcox,DAL,"$751,517"
933.0,Damontre Moore,2TM,"$748,813"
934.0,Chris Polk,HOU,"$747,500"
935.0,John Jenkins,NOR,"$746,890"
936.0,Logan Ryan,NWE,"$745,813"
937.0,Leonard Hankerson,3TM,"$745,000"
,Jamon Meredith,TEN,"$745,000"
,Lemuel Jeanpierre,SEA,"$745,000"
,O'Brien Schofield,ATL,"$745,000"
,Phillip Adams,ATL,"$745,000"
,Mike Person,ATL,"$745,000"
,Chris Carter,2TM,"$745,000"
,Kenrick Ellis,MIN,"$745,000"
,Jordan Norwood,DEN,"$745,000"
,Mason Foster,WAS,"$745,000"
,Kyle Love,CAR,"$745,000"
,Chris Clemons,ARI,"$745,000"
,Pierre Thomas,2TM,"$745,000"
,Jalil Brown,IND,"$745,000"
951.0,Travaris Cadet,3TM,"$742,500"
952.0,Jordan Reed,WAS,"$742,278"
953.0,Jordan Hill,SEA,"$741,035"
954.0,Shawn Williams,CIN,"$738,986"
955.0,Maxx Williams,BAL,"$736,861"
956.0,Knile Davis,KAN,"$736,504"
957.0,A.Q. Shipley,ARI,"$735,000"
,Kendall Hunter,NOR,"$735,000"
959.0,Kayvon Webster,DEN,"$731,950"
960.0,Hugh Thornton,IND,"$731,345"
961.0,Corey Lemonier,SFO,"$730,880"
962.0,C.J. Fiedorowicz,HOU,"$730,826"
963.0,Morgan Moses,WAS,"$729,394"
964.0,Stedman Bailey,STL,"$729,206"
965.0,Charles Sims,TAM,"$726,023"
966.0,Duron Harmon,NWE,"$724,000"
967.0,Greg Zuerlein,STL,"$723,307"
968.0,Billy Turner,MIA,"$723,000"
969.0,Will Davis,BAL,"$722,800"
970.0,D.J. Swearinger,2TM,"$722,391"
971.0,Rob Havenstein,STL,"$721,822"
972.0,Robert Alford,ATL,"$714,218"
973.0,Brandon Williams,BAL,"$713,750"
974.0,Tahir Whitehead,DET,"$713,000"
975.0,Marcus Martin,SFO,"$712,812"
976.0,Markus Golden,ARI,"$712,424"
977.0,Tim Barnes,STL,"$710,017"
978.0,Garrett Celek,SFO,"$710,000"
979.0,Christian Kirksey,CLE,"$707,625"
980.0,Dennis Kelly,PHI,"$707,200"
981.0,Jay Bromley,NYG,"$705,969"
982.0,Scott Crichton,MIN,"$705,507"
983.0,Randy Bullock,2TM,"$704,527"
984.0,Alex Okafor,ARI,"$703,607"
985.0,Jelani Jenkins,MIA,"$703,172"
986.0,Duke Williams,BUF,"$702,563"
987.0,Preston Brown,BUF,"$702,000"
988.0,Dion Sims,MIA,"$701,888"
989.0,Brian Schwenke,TEN,"$701,065"
990.0,Marvin Jones,CIN,"$700,700"
991.0,Dallas Reynolds,NYG,"$700,000"
992.0,Travis Swanson,DET,"$699,868"
993.0,Ty Sambrailo,DEN,"$699,264"
994.0,David Bakhtiari,GNB,"$698,850"
995.0,Ryan Nassib,NYG,"$698,400"
996.0,Shamarko Thomas,PIT,"$698,288"
997.0,Landry Jones,PIT,"$694,805"
998.0,Earl Watford,ARI,"$693,716"
999.0,Randy Gregory,DAL,"$693,624"
1000.0,Jeremy Lane,SEA,"$691,279"
1001.0,Keith Tandy,TAM,"$690,150"
1002.0,Gerald Hodges,2TM,"$690,027"
,Khaled Holmes,IND,"$690,027"
1004.0,Tre Mason,STL,"$689,410"
1005.0,J.C. Tretter,GNB,"$688,977"
1006.0,Justin Bethel,ARI,"$688,556"
1007.0,James Hanna,DAL,"$686,213"
1008.0,Ali Marpet,TAM,"$686,106"
1009.0,William Gholston,TAM,"$685,136"
1010.0,Chris Hairston,SDG,"$685,000"
,Steven Johnson,TEN,"$685,000"
,Bryan Walters,JAX,"$685,000"
1013.0,Dwight Freeney,ARI,"$684,705"
1014.0,Nate Ebner,NWE,"$684,150"
1015.0,Trent Robinson,WAS,"$683,438"
1016.0,Quinton Patton,SFO,"$682,875"
1017.0,Quinten Rollins,GNB,"$680,466"
1018.0,Brad Nortman,CAR,"$679,670"
1019.0,Frank Clark,SEA,"$678,586"
1020.0,Terrence Brooks,BAL,"$676,594"
1021.0,Jordan Richards,NWE,"$674,827"
1022.0,Travis Lewis,DET,"$674,793"
1023.0,Dexter McDougle,NYJ,"$674,719"
1024.0,Spencer Long,WAS,"$673,450"
1025.0,Rishard Matthews,MIA,"$673,403"
1026.0,Gabe Jackson,OAK,"$672,844"
1027.0,Akeem Spence,TAM,"$671,659"
1028.0,Will Sutton,CHI,"$671,517"
1029.0,Markus Kuhn,NYG,"$671,474"
1030.0,Kareem Martin,ARI,"$669,890"
1031.0,LaMarr Woodley,ARI,"$665,000"
,Dwight Lowery,IND,"$665,000"
,Stephen Bowen,NYJ,"$665,000"
,Chris Scott,CAR,"$665,000"
,Thomas Gafford,2TM,"$665,000"
,Kyle Wilson,NOR,"$665,000"
,Mike Leach,ARI,"$665,000"
,Greg Warren,PIT,"$665,000"
,Zackary Bowman,MIA,"$665,000"
,Morgan Cox,BAL,"$665,000"
,Josh Wilson,DET,"$665,000"
,Joe Webb,CAR,"$665,000"
,Darryl Tapp,DET,"$665,000"
,Jamarca Sanford,NOR,"$665,000"
,Will Tukuafu,SEA,"$665,000"
,Jamari Lattimore,NYJ,"$665,000"
,C.J. Mosley,MIA,"$665,000"
,Nick Hayden,DAL,"$665,000"
,Daniel Fells,NYG,"$665,000"
,Vlad Ducasse,CHI,"$665,000"
,Will Allen,PIT,"$665,000"
,Seyi Ajirotutu,PHI,"$665,000"
,Brandon Tate,CIN,"$665,000"
,Don Muhlbach,DET,"$665,000"
,Will Montgomery,CHI,"$665,000"
,Colt Anderson,IND,"$665,000"
,Sherrick McManis,CHI,"$665,000"
,Danny McCray,DAL,"$665,000"
,Luke McCown,NOR,"$665,000"
,Jason Avant,KAN,"$665,000"
,Dan Orlovsky,DET,"$665,000"
,Demarcus Dobbs,SEA,"$665,000"
,Alex Carrington,BUF,"$665,000"
,Pat Sims,CIN,"$665,000"
,Willie Colon,NYJ,"$665,000"
,Lance Moore,DET,"$665,000"
,Darrius Heyward-Bey,PIT,"$665,000"
1068.0,Josh Huff,PHI,"$663,986"
1069.0,Chris Watt,SDG,"$663,535"
1070.0,Ra'Shede Hageman,ATL,"$662,538"
1071.0,Donte Moncrief,IND,"$660,880"
1072.0,Devin Taylor,DET,"$660,146"
,Kyle Juszczyk,BAL,"$660,146"
1074.0,Bryce Brown,SEA,"$660,000"
,Jermelle Cudjo,DET,"$660,000"
,Allen Bradford,ATL,"$660,000"
,Brandon Weeden,2TM,"$660,000"
,Shaun Draughn,2TM,"$660,000"
,Audie Cole,MIN,"$660,000"
,Anthony McCoy,2TM,"$660,000"
,Chris Owusu,NYJ,"$660,000"
,Sealver Siliga,NWE,"$660,000"
,Marcus Thigpen,2TM,"$660,000"
,Robert Turbin,2TM,"$660,000"
,Bryce Harris,ATL,"$660,000"
,Zach Miller,CHI,"$660,000"
,Marc Mariani,CHI,"$660,000"
,Jamell Fleming,KAN,"$660,000"
,Mike Mohamed,NOR,"$660,000"
,Danny Lansanah,TAM,"$660,000"
,Jamize Olawale,OAK,"$660,000"
,James-Michael Johnson,3TM,"$660,000"
,Bernard Pierce,JAX,"$660,000"
,Jack Crawford,DAL,"$660,000"
,Scott Solomon,CLE,"$660,000"
,Michael Wilhoite,SFO,"$660,000"
,Tom Compton,WAS,"$660,000"
,Tank Carder,CLE,"$660,000"
,Austin Pasztor,CLE,"$660,000"
,Josh Bush,DEN,"$660,000"
,Patrick DiMarco,ATL,"$660,000"
,Preston Parker,NYG,"$660,000"
,Jaye Howard,KAN,"$660,000"
,Josh Bellamy,CHI,"$660,000"
,Ricardo Lockette,SEA,"$660,000"
,Duke Ihenacho,WAS,"$660,000"
,Winston Guy,IND,"$660,000"
,DeShawn Shead,SEA,"$660,000"
,Justin Trattou,MIN,"$660,000"
,Josh Harris,ATL,"$660,000"
1111.0,John Brown,ARI,"$657,725"
1112.0,Will Clarke,CIN,"$656,345"
1113.0,Brandon Linder,JAX,"$655,400"
1114.0,Phillip Gaines,KAN,"$655,278"
1115.0,Michael Schofield,DEN,"$652,300"
1116.0,Richard Rodgers,GNB,"$649,004"
1117.0,Jerick McKinnon,MIN,"$648,750"
1118.0,Trai Turner,CAR,"$644,950"
1119.0,Dri Archer,PIT,"$644,504"
1120.0,Sio Moore,IND,"$643,000"
1121.0,Denard Robinson,JAX,"$638,403"
1122.0,D'Joun Smith,IND,"$637,211"
1123.0,Tharold Simon,SEA,"$636,725"
1124.0,Crockett Gillmore,BAL,"$636,504"
1125.0,Jeremiah Poutasi,TEN,"$635,564"
1126.0,A.J. Cann,JAX,"$635,399"
1127.0,Stepfan Taylor,ARI,"$635,125"
1128.0,John Kuhn,GNB,"$635,000"
,Jeff Linkenbach,2TM,"$635,000"
,Fozzy Whittaker,CAR,"$635,000"
1131.0,Clive Walford,OAK,"$633,626"
1132.0,A.J. Klein,CAR,"$632,825"
1133.0,Joseph Randle,DAL,"$632,220"
1134.0,Cooper Taylor,NYG,"$631,813"
1135.0,Tyler Lockett,SEA,"$631,687"
1136.0,Jeff Locke,MIN,"$631,048"
1137.0,Quinton Dial,SFO,"$630,413"
1138.0,Luke Willson,SEA,"$629,633"
1139.0,Micah Hyde,GNB,"$629,527"
1140.0,Bruce Ellington,SFO,"$628,607"
1141.0,Justin Ellis,OAK,"$628,172"
1142.0,Jaelen Strong,HOU,"$627,995"
1143.0,Cassius Marsh,SEA,"$627,563"
1144.0,Maurice Alexander,STL,"$626,065"
1145.0,Hroniss Grasu,CHI,"$625,479"
1146.0,Sam Martin,DET,"$625,075"
1147.0,Jacquizz Rodgers,CHI,"$625,000"
,Kellen Davis,NYJ,"$625,000"
1149.0,Russell Bodine,CIN,"$624,114"
1150.0,DaQuan Jones,TEN,"$623,850"
1151.0,Jamon Brown,STL,"$623,704"
1152.0,Andre Williams,NYG,"$623,400"
1153.0,De'Anthony Thomas,KAN,"$623,027"
1154.0,Keith McGill,OAK,"$621,300"
1155.0,Keshawn Martin,NWE,"$621,176"
1156.0,Ricky Wagner,BAL,"$621,140"
,Josh Boyd,GNB,"$621,140"
1158.0,Ka'Deem Carey,CHI,"$620,845"
1159.0,Owamagbe Odighizuwa,NYG,"$620,125"
1160.0,Anthony Hitchens,DAL,"$618,716"
1161.0,Garrett Grayson,NOR,"$618,291"
1162.0,Josh Evans,JAX,"$617,205"
1163.0,Marqueston Huff,TEN,"$616,301"
1164.0,Fred Jackson,SEA,"$615,000"
,Nate Washington,HOU,"$615,000"
1166.0,Walt Aikens,MIA,"$613,977"
1167.0,Chris Conley,KAN,"$613,108"
1168.0,Duke Johnson,CLE,"$612,523"
1169.0,Tourek Williams,SDG,"$612,515"
1170.0,Pierre Desir,CLE,"$611,903"
1171.0,Latavius Murray,OAK,"$611,550"
1172.0,Tre Boston,CAR,"$611,367"
1173.0,Mychal Rivera,OAK,"$611,213"
1174.0,Andre Ellington,ARI,"$610,966"
1175.0,Rex Burkhead,CIN,"$610,550"
1176.0,Dontae Johnson,SFO,"$610,136"
1177.0,Nate Palmer,GNB,"$609,724"
1178.0,Eli Harold,SFO,"$609,343"
1179.0,James White,NWE,"$609,272"
1180.0,Brock Vereen,CHI,"$607,875"
1181.0,Theo Riddick,DET,"$607,750"
1182.0,Kapron Lewis-Moore,BAL,"$607,058"
1183.0,Kevin Pierre-Louis,SEA,"$606,413"
1184.0,John Miller,BUF,"$605,030"
1185.0,Jordan Kovacs,MIA,"$605,000"
1186.0,Stacy McGee,OAK,"$604,670"
,Vince Williams,PIT,"$604,670"
1188.0,Lorenzo Mauldin,NYJ,"$603,504"
1189.0,Demetrius McCray,JAX,"$601,741"
1190.0,Bashaud Breeland,WAS,"$601,500"
1191.0,Armonty Bryant,CLE,"$601,375"
1192.0,Tommy Bohanon,NYJ,"$600,562"
1193.0,Craig Mager,SDG,"$600,394"
1194.0,Chris Gragg,BUF,"$599,793"
1195.0,Jordan Hicks,PHI,"$598,183"
1196.0,Tyler Kroft,CIN,"$596,944"
1197.0,Marquess Wilson,CHI,"$596,787"
1198.0,Daimion Stafford,TEN,"$596,474"
1199.0,David Johnson,ARI,"$594,843"
1200.0,Sammie Coates,PIT,"$592,878"
1201.0,Danielle Hunter,MIN,"$591,805"
1202.0,Sean Mannion,STL,"$591,449"
1203.0,Carl Davis,BAL,"$591,271"
1204.0,C.J. Anderson,DEN,"$589,167"
1205.0,Henry Anderson,IND,"$588,419"
1206.0,Tony Jefferson,ARI,"$588,368"
1207.0,Wes Horton,CAR,"$588,334"
,Benny Cunningham,STL,"$588,334"
1209.0,Jaron Brown,ARI,"$588,000"
1210.0,Lane Taylor,GNB,"$587,334"
1211.0,Alvin Bailey,SEA,"$587,000"
1212.0,Jahleel Addae,SDG,"$586,668"
,Matt Tobin,PHI,"$586,668"
,A.J. Bouye,HOU,"$586,668"
,Tim Lelito,NOR,"$586,668"
,Josh Hill,NOR,"$586,668"
1217.0,Andy Mulumba,GNB,"$586,667"
1218.0,Ty Montgomery,GNB,"$586,636"
1219.0,Carson Tinker,JAX,"$585,834"
,Justin Tuggle,HOU,"$585,834"
,Abry Jones,JAX,"$585,834"
,LaRoy Reynolds,2TM,"$585,834"
1223.0,Jeff Heath,DAL,"$585,668"
1224.0,Khiry Robinson,NOR,"$585,334"
1225.0,Lorenzo Taliaferro,BAL,"$585,146"
,Dakota Dozier,NYJ,"$585,146"
1227.0,Eddie Pleasant,HOU,"$585,000"
,Levine Toilolo,ATL,"$585,000"
,Daren Bates,STL,"$585,000"
,Jordan Todman,PIT,"$585,000"
,Taylor Boggs,DET,"$585,000"
,Michael Mauti,NOR,"$585,000"
,Brynden Trawick,BAL,"$585,000"
,Jah Reid,KAN,"$585,000"
,Sean Renfree,ATL,"$585,000"
,Tony Jerod-Eddie,SFO,"$585,000"
,Jonathan Grimes,HOU,"$585,000"
,Matthew Mulligan,BUF,"$585,000"
,Kemal Ishmael,ATL,"$585,000"
,Brandon Williams,2TM,"$585,000"
,Jordan Poyer,CLE,"$585,000"
,Chris Lewis-Harris,CIN,"$585,000"
,Bradley McDougald,TAM,"$585,000"
,Nathan Stupar,ATL,"$585,000"
,Spencer Paysinger,MIA,"$585,000"
,Ross Ventrone,PIT,"$585,000"
,Eric Kush,STL,"$585,000"
,Ryan Davis,JAX,"$585,000"
,Ray-Ray Armstrong,2TM,"$585,000"
,Matt McGloin,OAK,"$585,000"
,Kamar Aiken,BAL,"$585,000"
,Tim Jennings,TAM,"$585,000"
,Dezman Moses,KAN,"$585,000"
,Jack Doyle,IND,"$585,000"
,Tracy Porter,CHI,"$585,000"
,Michael Thomas,MIA,"$585,000"
,Chris Banjo,GNB,"$585,000"
,Malliciah Goodman,ATL,"$585,000"
,Phillip Hunt,DET,"$585,000"
,Mike Remmers,CAR,"$585,000"
,Terence Garvin,PIT,"$585,000"
,Zach Line,MIN,"$585,000"
,Chris Thompson,WAS,"$585,000"
,Trevin Wade,NYG,"$585,000"
,Brandon Bair,PHI,"$585,000"
,Don Jones,2TM,"$585,000"
,Zac Stacy,NYJ,"$585,000"
,Tim Wright,DET,"$585,000"
,Mario Butler,BUF,"$585,000"
,Doug Legursky,PIT,"$585,000"
,David Bass,TEN,"$585,000"
,Russell Shepard,TAM,"$585,000"
,Paul Worrilow,ATL,"$585,000"
,Chris Hogan,BUF,"$585,000"
,Chase Reynolds,STL,"$585,000"
,Patrick Lewis,SEA,"$585,000"
,Ronald Leary,DAL,"$585,000"
,J'Marcus Webb,OAK,"$585,000"
,Kevin McDermott,MIN,"$585,000"
,Darryl Morris,HOU,"$585,000"
,Andre Fluellen,DET,"$585,000"
,Joplo Bartu,2TM,"$585,000"
,Griff Whalen,IND,"$585,000"
,Kenny Demens,ARI,"$585,000"
,Josh Kline,NWE,"$585,000"
,Senio Kelemete,NOR,"$585,000"
,Case Keenum,STL,"$585,000"
,Drew Butler,ARI,"$585,000"
,Bacarri Rambo,BUF,"$585,000"
,Chase Coffman,2TM,"$585,000"
,Patrick Omameh,CHI,"$585,000"
,Ben Jacobs,CAR,"$585,000"
,Tyler Clutts,DAL,"$585,000"
,Benson Mayowa,OAK,"$585,000"
,Ryan Quigley,NYJ,"$585,000"
,Kelcie McCray,SEA,"$585,000"
,Cody Davis,STL,"$585,000"
,Brandon Meriweather,NYG,"$585,000"
,Kenny Stills,MIA,"$585,000"
,Chris Johnson,ARI,"$585,000"
,John Lotulelei,JAX,"$585,000"
,MarQueis Gray,BUF,"$585,000"
,Nick Moody,SEA,"$585,000"
,Michael Vick,PIT,"$585,000"
,James Jones,GNB,"$585,000"
,Neiko Thorpe,OAK,"$585,000"
,Marcus Cooper,KAN,"$585,000"
,Ryan Schraeder,ATL,"$585,000"
,E.J. Biggers,PHI,"$585,000"
,Brandon Marshall,DEN,"$585,000"
,Dion Lewis,NWE,"$585,000"
,Larry Donnell,NYG,"$585,000"
,Jorvorskie Lane,TAM,"$585,000"
,Erin Henderson,NYJ,"$585,000"
,Justin Rogers,WAS,"$585,000"
,Stefan Charles,BUF,"$585,000"
,Derrick Coleman,SEA,"$585,000"
,Matt McCants,OAK,"$585,000"
,Corbin Bryant,BUF,"$585,000"
,Rashaan Melvin,2TM,"$585,000"
,Christine Michael,2TM,"$585,000"
,Derek Carrier,WAS,"$585,000"
,Quintin Demps,HOU,"$585,000"
,John Simon,HOU,"$585,000"
1325.0,Matt Jones,WAS,"$584,853"
1326.0,Xavier Cooper,CLE,"$583,071"
1327.0,Paul Dawson,CIN,"$580,488"
,Steven Nelson,KAN,"$580,488"
,Geneo Grissom,NWE,"$580,488"
1330.0,Angelo Blackson,TEN,"$577,903"
1331.0,Trey Flowers,NWE,"$574,733"
1332.0,Daryl Williams,CAR,"$574,280"
1333.0,James Sample,JAX,"$572,145"
1334.0,Jamison Crowder,WAS,"$571,406"
1335.0,Jeremy Langford,CHI,"$570,906"
1336.0,Jalston Fowler,TEN,"$569,429"
1337.0,Clayton Geathers,IND,"$568,482"
1338.0,T.J. Clemmings,MIN,"$566,238"
1339.0,Tre' Jackson,NWE,"$565,935"
1340.0,Arie Kouandjio,WAS,"$565,417"
1341.0,Gabe Wright,DET,"$565,288"
1342.0,Dezmen Southward,ATL,"$564,665"
1343.0,Jamil Douglas,MIA,"$564,641"
1344.0,Taylor Hart,PHI,"$563,878"
1345.0,Ryan Grant,WAS,"$563,403"
1346.0,Ibraheim Campbell,CLE,"$563,002"
1347.0,Telvin Smith,JAX,"$562,763"
1348.0,Rodney Gunter,ARI,"$562,479"
1349.0,Blake Bell,SFO,"$561,283"
1350.0,Devin Street,DAL,"$560,493"
1351.0,Ramik Wilson,KAN,"$560,000"
1352.0,Bene Benwikere,CAR,"$559,750"
1353.0,Kevin Pamphile,TAM,"$559,625"
1354.0,Aaron Lynch,SFO,"$559,500"
1355.0,Andrew Donnal,STL,"$559,233"
1356.0,Avery Williamson,TEN,"$558,613"
1357.0,Josh Shaw,CIN,"$558,431"
1358.0,Steve Williams,SDG,"$558,200"
1359.0,Caraun Reid,DET,"$557,220"
1360.0,Ed Stinson,ARI,"$556,685"
1361.0,Corey Linsley,GNB,"$556,250"
1362.0,Za'Darius Smith,BAL,"$555,788"
1363.0,A.J. McCarron,CIN,"$555,413"
1364.0,Scott Simonson,CAR,"$555,000"
1365.0,Ryan Carrethers,SDG,"$554,633"
1366.0,Kwon Alexander,TAM,"$554,580"
1367.0,Jonathan Newsome,IND,"$554,527"
1368.0,Javorius Allen,BAL,"$553,618"
1369.0,Mike Davis,SFO,"$552,195"
1370.0,Damien Wilson,DAL,"$551,578"
1371.0,Jason Babin,2TM,"$550,588"
,Lavar Edwards,CHI,"$550,588"
,Charles Brown,DAL,"$550,588"
,Mike McGlynn,NOR,"$550,588"
,Taylor Mays,OAK,"$550,588"
,Brice Butler,DAL,"$550,588"
,Kenny Phillips,NOR,"$550,588"
,Fernando Velasco,CAR,"$550,588"
,Sam Acho,CHI,"$550,588"
,C.J. Wilson,2TM,"$550,588"
1381.0,Jon Feliciano,OAK,"$550,163"
1382.0,Jeremy Harris,WAS,"$550,000"
1383.0,Jake Ryan,GNB,"$549,169"
1384.0,Aaron Colvin,JAX,"$548,288"
1385.0,Devon Kennard,NYG,"$546,140"
,John Urschel,BAL,"$546,140"
1387.0,Bryan Stork,NWE,"$545,955"
1388.0,Shaq Mason,NWE,"$545,881"
1389.0,Zach Fulton,KAN,"$544,055"
1390.0,Laurent Duvernay-Tardif,KAN,"$543,075"
1391.0,Jeoffrey Pagan,HOU,"$542,205"
1392.0,Zach Mettenberger,TEN,"$541,279"
1393.0,Alfred Blue,HOU,"$539,483"
1394.0,Antone Exum,MIN,"$538,947"
1395.0,T.J. Jones,DET,"$536,550"
1396.0,Pat O'Donnell,CHI,"$536,327"
1397.0,Demetri Goodson,GNB,"$535,788"
1398.0,Luke Bowanko,JAX,"$533,513"
1399.0,Jerome Simpson,SFO,"$532,058"
1400.0,A.J. Francis,2TM,"$530,000"
1401.0,Daniel McCullers,PIT,"$529,670"
,Jay Prosch,HOU,"$529,670"
1403.0,Andre Hal,HOU,"$527,281"
1404.0,Michael Campanaro,BAL,"$526,875"
1405.0,Travis Carrie,OAK,"$526,741"
1406.0,Jerome Couplin,PHI,"$526,666"
1407.0,Shamar Stephen,MIN,"$526,287"
1408.0,Randell Johnson,BUF,"$525,933"
1409.0,Beau Allen,PHI,"$525,562"
1410.0,Joe Thomas,GNB,"$525,000"
1411.0,Trevor Reilly,NYJ,"$524,212"
1412.0,Terrence Fede,MIA,"$523,988"
1413.0,Khyri Thornton,DET,"$523,000"
1414.0,Jeff Janis,GNB,"$522,848"
1415.0,Seantrel Henderson,BUF,"$522,720"
1416.0,Corey Nelson,DEN,"$522,150"
1417.0,Charles Leno,CHI,"$521,628"
1418.0,Tray Walker,BAL,"$521,423"
,Mark Glowinski,SEA,"$521,423"
,Max Garcia,DEN,"$521,423"
1421.0,Terrance West,2TM,"$520,000"
1422.0,Dontrelle Inman,SDG,"$517,500"
1423.0,Cornelius Lucas,DET,"$516,666"
,Ethan Westbrooks,STL,"$516,666"
1425.0,Lerentee McCray,DEN,"$515,668"
1426.0,Corey Brown,CAR,"$515,000"
,Marcus Roberson,STL,"$515,000"
1428.0,Andrew Norwell,CAR,"$514,000"
,Garry Gilliam,SEA,"$514,000"
1430.0,Albert Wilson,KAN,"$513,333"
,Ryan Hewitt,CIN,"$513,333"
,Isaiah Crowell,CLE,"$513,333"
1433.0,James Hurst,BAL,"$513,000"
1434.0,Jonotthan Harrison,IND,"$512,500"
,Trey Burton,PHI,"$512,500"
1436.0,Christian Jones,CHI,"$512,333"
1437.0,Kasim Edebali,NOR,"$512,000"
,Zach Kerr,IND,"$512,000"
,L.J. McCray,SFO,"$512,000"
1440.0,Brian Dixon,NOR,"$511,666"
,Tyler Shatley,JAX,"$511,666"
,Jayrone Elliott,GNB,"$511,666"
,Damien Williams,MIA,"$511,666"
,Allen Hurns,JAX,"$511,666"
1445.0,Juwan Thompson,DEN,"$511,166"
,Mike Pennel,GNB,"$511,166"
1447.0,Brock Coyle,SEA,"$511,000"
,Zach Orr,BAL,"$511,000"
1449.0,Cairo Santos,KAN,"$510,666"
1450.0,Chandler Catanzaro,ARI,"$510,500"
1451.0,Nevin Lawson,DET,"$510,146"
,Brent Urban,BAL,"$510,146"
1453.0,Daniel Sorensen,KAN,"$510,000"
,Demontre Hurst,CHI,"$510,000"
,Tress Way,WAS,"$510,000"
,Orleans Darkwa,NYG,"$510,000"
,Jake Matthews,ATL,"$510,000"
,B.J. Daniels,2TM,"$510,000"
,Branden Oliver,SDG,"$510,000"
,Marcus Burley,SEA,"$510,000"
,William Compton,WAS,"$510,000"
,Ty Nsekhe,WAS,"$510,000"
,T.J. Fatinikun,TAM,"$510,000"
,Lamin Barrow,CHI,"$510,000"
,Jordan Devey,SFO,"$510,000"
,Brenton Bersin,CAR,"$510,000"
,Brittan Golden,ARI,"$510,000"
,Nic Jacobs,JAX,"$510,000"
,Jackson Jeffcoat,WAS,"$510,000"
,Jordan Gay,BUF,"$510,000"
,Brad Wing,NYG,"$510,000"
,Chris Smith,JAX,"$510,000"
,Cooper Helfet,SEA,"$510,000"
,Dustin Hopkins,WAS,"$510,000"
,Marcus Williams,NYJ,"$510,000"
,Adam Thielen,MIN,"$510,000"
,Davon Coleman,DAL,"$510,000"
,Jeremiah George,TAM,"$510,000"
,Andrew DePaola,TAM,"$510,000"
,Antonio Andrews,TEN,"$510,000"
,Nicholas Williams,KAN,"$510,000"
,David King,2TM,"$510,000"
,Chris McCain,MIA,"$510,000"
,Denico Autry,OAK,"$510,000"
,K'Waun Williams,CLE,"$510,000"
,Justin Perillo,GNB,"$510,000"
,Josh Mauro,ARI,"$510,000"
,Todd Davis,DEN,"$510,000"
,Demetrius Harris,KAN,"$510,000"
,Chris Hubbard,PIT,"$510,000"
,Ken Bishop,DAL,"$510,000"
,Chris Matthews,2TM,"$510,000"
,Ryan Jensen,BAL,"$510,000"
,James Stone,ATL,"$510,000"
,Kevin Norwood,CAR,"$510,000"
,T.J. Johnson,CIN,"$510,000"
,Brandon McManus,DEN,"$510,000"
,Steven Terrell,SEA,"$510,000"
,Kenjon Barner,PHI,"$510,000"
,Brandon Watts,MIN,"$510,000"
,Jumal Rolle,2TM,"$510,000"
,Devonta Freeman,ATL,"$510,000"
,Corey Fuller,DET,"$510,000"
,Zach Moore,MIN,"$510,000"
,Charcandrick West,KAN,"$510,000"
,T.J. Barnes,2TM,"$510,000"
,Malcolm Butler,NWE,"$510,000"
,Jeff Adams,HOU,"$510,000"
,Kerry Wynn,NYG,"$510,000"
,Matthew Masifilo,TAM,"$510,000"
,Cody Parkey,PHI,"$510,000"
,Darren Fells,ARI,"$510,000"
,Charles Johnson,MIN,"$510,000"
,Phillip Supernaw,TEN,"$510,000"
,Bruce Gaston,2TM,"$510,000"
,Austin Johnson,NOR,"$510,000"
,Colton Schmidt,BUF,"$510,000"
,Taylor Gabriel,CLE,"$510,000"
,Jacquies Smith,TAM,"$510,000"
,Terrance Mitchell,2TM,"$510,000"
,Kyle Miller,SDG,"$510,000"
,Tyler Patmon,2TM,"$510,000"
,Frankie Hammond,KAN,"$510,000"
,Nick Williams,ATL,"$510,000"
,Cordarro Law,SDG,"$510,000"
1526.0,Martavis Bryant,PIT,"$499,805"
1527.0,David Cobb,TEN,"$496,417"
1528.0,Rashad Greene,JAX,"$495,953"
1529.0,Ben Heeney,OAK,"$495,681"
1530.0,Martrell Spaight,WAS,"$494,487"
1531.0,Adrian Amos,CHI,"$493,070"
1532.0,MyCole Pruitt,MIN,"$492,647"
1533.0,Bobby McCain,MIA,"$492,072"
1534.0,Stefon Diggs,MIN,"$491,928"
1535.0,David Parry,IND,"$490,002"
1536.0,Kyle Emanuel,SDG,"$489,643"
1537.0,Tyeler Davison,NOR,"$489,306"
1538.0,Karlos Williams,BUF,"$488,838"
1539.0,Tony Lippett,MIA,"$488,690"
1540.0,C.J. Uzomah,CIN,"$488,190"
1541.0,JJ Nelson,ARI,"$487,450"
1542.0,Jesse James,PIT,"$487,228"
1543.0,Neiron Ball,OAK,"$486,331"
1544.0,Ryan Russell,DAL,"$485,746"
1545.0,Lorenzo Doss,DEN,"$484,303"
1546.0,Bradley Pinion,SFO,"$483,550"
1547.0,Damian Swann,NOR,"$481,807"
1548.0,Michael Burton,DET,"$481,089"
1549.0,Jake Stoneburner,MIA,"$480,000"
,Josh McNary,IND,"$480,000"
1551.0,Joe Cardona,NWE,"$477,500"
1552.0,Cameron Artis-Payne,CAR,"$476,563"
,James O'Shaughnessy,KAN,"$476,563"
,Keith Mumphery,HOU,"$476,563"
,D.J. Alexander,KAN,"$476,563"
,David Mayo,CAR,"$476,563"
,Nick Boyle,BAL,"$476,563"
,Tye Smith,SEA,"$476,563"
1559.0,Keith Reaser,SFO,"$476,200"
1560.0,Deiontrez Mount,TEN,"$472,038"
1561.0,Michael Bennett,JAX,"$469,674"
1562.0,Kyshoen Jarrett,WAS,"$468,907"
1563.0,Tayo Fabuluje,CHI,"$467,841"
1564.0,Geremy Davis,NYG,"$466,770"
1565.0,Tony Steward,BUF,"$465,957"
1566.0,Ian Silberman,SFO,"$465,419"
1567.0,Kenneth Acker,SFO,"$465,150"
1568.0,Darius Philon,SDG,"$465,146"
1569.0,Malcolm Johnson,CLE,"$464,862"
1570.0,Derron Smith,CIN,"$464,658"
1571.0,Leterrius Walton,PIT,"$464,232"
1572.0,Quandre Diggs,DET,"$463,838"
1573.0,Darius Kilgo,DEN,"$462,889"
1574.0,Darren Waller,BAL,"$462,774"
1575.0,Josh Robinson,IND,"$462,042"
1576.0,Aaron Ripkowski,GNB,"$461,599"
1577.0,Andy Gallik,TEN,"$460,368"
1578.0,Brandon Copeland,DET,"$460,000"
1579.0,Kennard Backman,GNB,"$457,621"
,Christian Covington,HOU,"$457,621"
,Kristjan Sokoli,SEA,"$457,621"
,Rakeem Nunez-Roches,KAN,"$457,621"
,Cody Wichmann,STL,"$457,621"
1584.0,Bryce Hager,STL,"$453,035"
1585.0,Bobby Hart,NYG,"$452,897"
1586.0,Austin Shepherd,MIN,"$452,423"
1587.0,Marcus Murphy,NOR,"$452,322"
1588.0,Edmond Robinson,MIN,"$452,078"
1589.0,Mario Alford,CIN,"$449,776"
1590.0,Corey Robinson,DET,"$449,477"
1591.0,Dexter McDonald,OAK,"$449,212"
1592.0,Trenton Brown,SFO,"$448,973"
1593.0,Geoff Swaim,DAL,"$448,683"
1594.0,Denzell Goode,IND,"$448,196"
1595.0,Trevor Siemian,DEN,"$448,195"
1596.0,Glenn Winston,CLE,"$447,529"
1597.0,Lonnie Ballentine,HOU,"$446,474"
,Demetrius Rhaney,STL,"$446,474"
1599.0,La'el Collins,DAL,"$442,000"
1600.0,Alani Fua,ARI,"$440,666"
1601.0,Dean Marlowe,CAR,"$440,000"
,Thomas Rawls,SEA,"$440,000"
,David Andrews,NWE,"$440,000"
1604.0,Thurston Armbrister,JAX,"$439,166"
1605.0,Delvin Breaux,NOR,"$439,000"
1606.0,Zach Vigil,MIA,"$438,333"
,Lucky Whitehead,DAL,"$438,333"
,Kaleb Eulls,NOR,"$438,333"
1609.0,Jarryd Hayne,SFO,"$437,666"
,Xavier Williams,ARI,"$437,666"
1611.0,Tavaris Barnes,NOR,"$437,500"
,A.J. Tarpley,BUF,"$437,500"
,Bryce Callahan,CHI,"$437,500"
,Darrell Williams,STL,"$437,500"
1615.0,Cody Riggs,TEN,"$437,333"
,DeAndrew White,SFO,"$437,333"
1617.0,Bradley Marquez,STL,"$437,166"
1618.0,Tyler Varga,IND,"$437,000"
,Greg Mancz,HOU,"$437,000"
,Cameron Meredith,CHI,"$437,000"
,Quinton Spain,TEN,"$437,000"
1622.0,Corey Grant,JAX,"$436,666"
,Zach Zenner,DET,"$436,666"
,Bobby Richardson,NOR,"$436,666"
,Ladarius Gunter,GNB,"$436,666"
,Josh Lambo,SDG,"$436,666"
,John Timu,CHI,"$436,666"
,Nick Dzubnar,SDG,"$436,666"
,Nick Marshall,JAX,"$436,666"
1630.0,Tyler Murphy,PIT,"$436,500"
1631.0,Tyrell Williams,SDG,"$436,166"
,Alonzo Harris,GNB,"$436,166"
1633.0,Kenny Anunike,DEN,"$435,833"
,Carlos Thompson,HOU,"$435,833"
,Brandon Wegher,CAR,"$435,833"
1636.0,Cameron Lynch,STL,"$435,666"
,Kendall Lamm,HOU,"$435,666"
1638.0,Neville Hewitt,MIA,"$435,333"
,Matt Darr,MIA,"$435,333"
1640.0,Jay Ajayi,MIA,"$435,144"
1641.0,Willie Snead,NOR,"$435,000"
,E.J. Bibbs,CLE,"$435,000"
,Jalen Collins,ATL,"$435,000"
,Raheem Mostert,3TM,"$435,000"
,Nikita Whitlock,NYG,"$435,000"
,Ryan Delaire,CAR,"$435,000"
,Quincy Enunwa,NYJ,"$435,000"
,Drew Nowak,SEA,"$435,000"
,Obum Gwacham,NOR,"$435,000"
,Travis Coons,CLE,"$435,000"
,John Crockett,GNB,"$435,000"
,Houston Bates,WAS,"$435,000"
,Jamie Meder,CLE,"$435,000"
,James Winchester,KAN,"$435,000"
,Terron Ward,ATL,"$435,000"
,Shaquil Barrett,DEN,"$435,000"
,Josh Walker,GNB,"$435,000"
,Kyle Brindza,TAM,"$435,000"
,Ronald Martin,NYJ,"$435,000"
,Vic Beasley,ATL,"$435,000"
,Deshazor Everett,WAS,"$435,000"
,Uani Unga,NYG,"$435,000"
,Josh Andrews,PHI,"$435,000"
,Mitchell Henry,DEN,"$435,000"
,Grady Jarrett,ATL,"$435,000"
,Bennie Fowler,DEN,"$435,000"
,Brent Qvale,NYJ,"$435,000"
,Jake Schum,TAM,"$435,000"
,Dashaun Phillips,WAS,"$435,000"
,T.Y. McGill,IND,"$435,000"
,Shayne Skov,SFO,"$435,000"
,Justin Coleman,NWE,"$435,000"
,Tevin Coleman,ATL,"$435,000"
,Harold Jones-Quartey,CHI,"$435,000"
,Robenson Therezie,ATL,"$435,000"
,Mike Purcell,SFO,"$435,000"
,Alejandro Villanueva,PIT,"$435,000"
,Ross Cockrell,PIT,"$435,000"
,Ricardo Allen,ATL,"$435,000"
,Rufus Johnson,NWE,"$435,000"
,Rashad Ross,WAS,"$435,000"
,Jerome Cunningham,NYG,"$435,000"
,Jeremiah Warren,TAM,"$435,000"
,Rick Lovato,GNB,"$435,000"
,Zach Hocker,2TM,"$435,000"
,Adam Humphries,TAM,"$435,000"
,Andrew Franks,MIA,"$435,000"
,Khari Lee,CHI,"$435,000"
,Matt Paradis,DEN,"$435,000"
,Brandon Coleman,NOR,"$435,000"
,Denzel Rice,PHI,"$435,000"
,Brian Parker,KAN,"$435,000"
,Roosevelt Nix,PIT,"$435,000"
,Sheldon Price,IND,"$435,000"
,James Ferentz,DEN,"$435,000"
,Terrance Magee,BAL,"$435,000"
,Justin Hardy,ATL,"$435,000"
,Carlos Fields,WAS,"$435,000"
,Matt Hazel,MIA,"$435,000"
,Jason Myers,JAX,"$435,000"
,Dion Bailey,2TM,"$435,000"
,Gabe Ikard,2TM,"$435,000"
,Kourtnei Brown,TAM,"$435,000"
,Zac Kerin,MIN,"$435,000"
,Charley Hughlett,CLE,"$435,000"
,Seth Roberts,OAK,"$435,000"
,Jordan Berry,PIT,"$435,000"
,Marcel Jensen,WAS,"$435,000"
,Anthony Harris,MIN,"$435,000"
,Earl Okine,IND,"$435,000"
,Michael Williams,NWE,"$435,000"
,Jared Abbrederis,GNB,"$435,000"
1713.0,Charles Gaines,CLE,"$410,475"
1714.0,Mark Nzeocha,DAL,"$409,793"
1715.0,Chandler Worthy,HOU,"$409,411"
1716.0,Trey Watts,STL,"$392,000"
1717.0,IK Enemkpali,BUF,"$390,000"
1718.0,Cornelius Washington,CHI,"$387,887"
1719.0,Ryan Griffin,HOU,"$381,611"
1720.0,Sam Barrington,GNB,"$374,191"
1721.0,David Molk,PHI,"$361,941"
1722.0,Chris Owens,NOR,"$348,000"
1723.0,Chris Davis,SFO,"$335,000"
1724.0,Anthony Denham,HOU,"$333,000"
1725.0,Cortland Finnegan,CAR,"$255,882"
1726.0,Kerwynn Williams,ARI,"$150,000"
1727.0,Robert McClain,CAR,"$131,470"
1728.0,Rontez Miles,NYJ,"$112,200"
,Rod Smith,2TM,"$112,200"
,Ed Reynolds,PHI,"$112,200"
,Kawann Short,CAR,"$112,200"
,Je'Ron Hamm,WAS,"$112,200"
,Justin Staples,TEN,"$112,200"
,Trey Williams,IND,"$112,200"
,Doug Worthington,STL,"$112,200"
,Rannell Hall,CLE,"$112,200"
,Tyreek Burwell,SDG,"$112,200"
,Kendall Gaskins,SFO,"$112,200"
,Justice Cunningham,STL,"$112,200"
,Mike Catapano,NYJ,"$112,200"
,Kevin Williams,NOR,"$112,200"
,L.J. Fort,PIT,"$112,200"
,Taiwan Jones,OAK,"$112,200"
,Keith Smith,DAL,"$112,200"
,Malcolm Brown,STL,"$112,200"
,Adrian Phillips,SDG,"$112,200"
,Terrance Plummer,WAS,"$112,200"
,Rico Richardson,TEN,"$112,200"
,Jordan Williams,MIA,"$112,200"
,C.B. Bryant,STL,"$112,200"
,Donteea Dye,TAM,"$112,200"
,Damion Square,SDG,"$112,200"
,Michael Ola,2TM,"$112,200"
,Kaelin Clay,BAL,"$112,200"
,Josh Shirley,TAM,"$112,200"
,Shelby Harris,OAK,"$112,200"
,Cameron Brate,TAM,"$112,200"
,Tevin McDonald,OAK,"$112,200"
,Wes Saxton,NYJ,"$112,200"
,Wesley Johnson,NYJ,"$112,200"
,Howard Jones,TAM,"$112,200"
,Greg Ducre,SDG,"$112,200"
,Reid Fragel,TAM,"$112,200"
,Andrew Tiller,SFO,"$112,200"
,Josh Keyes,TAM,"$112,200"
,Marcus Cromartie,SFO,"$112,200"
,Javontee Herndon,SDG,"$112,200"
,Robert Thomas,MIA,"$112,200"
,Jude Adjei-Barimah,TAM,"$112,200"
,Quinton Dunbar,WAS,"$112,200"
,Kasen Williams,SEA,"$112,200"
,Eric Pinkins,SEA,"$112,200"
,Josh Aubrey,TEN,"$112,200"
,Kevin Smith,SEA,"$112,200"
,Walt Powell,BUF,"$112,200"
,Randall Evans,PHI,"$112,200"
1777.0,Tre McBride,TEN,"$102,200"
